-- phpMyAdmin SQL Dump
-- version 5.1.1
-- https://www.phpmyadmin.net/
--
-- Host: 127.0.0.1
-- Generation Time: Nov 02, 2021 at 10:29 AM
-- Server version: 10.4.21-MariaDB
-- PHP Version: 8.0.11

SET SQL_MODE = "NO_AUTO_VALUE_ON_ZERO";
START TRANSACTION;
SET time_zone = "+00:00";


/*!40101 SET @OLD_CHARACTER_SET_CLIENT=@@CHARACTER_SET_CLIENT */;
/*!40101 SET @OLD_CHARACTER_SET_RESULTS=@@CHARACTER_SET_RESULTS */;
/*!40101 SET @OLD_COLLATION_CONNECTION=@@COLLATION_CONNECTION */;
/*!40101 SET NAMES utf8mb4 */;

--
-- Database: `blog_admin_db`
--

-- --------------------------------------------------------

--
-- Table structure for table `banner_posts`
--

CREATE TABLE `banner_posts` (
  `id` int(10) UNSIGNED NOT NULL,
  `title` int(10) UNSIGNED NOT NULL,
  `status` varchar(40) NOT NULL
) ENGINE=InnoDB DEFAULT CHARSET=utf8;

-- --------------------------------------------------------

--
-- Table structure for table `blogs`
--

CREATE TABLE `blogs` (
  `id` int(10) UNSIGNED NOT NULL,
  `title` varchar(190) NOT NULL,
  `tags` varchar(40) NOT NULL,
  `content` text NOT NULL,
  `photo` varchar(50) NOT NULL,
  `posted` varchar(40) NOT NULL,
  `date` date DEFAULT NULL,
  `author` varchar(40) DEFAULT NULL,
  `category` varchar(40) NOT NULL
) ENGINE=InnoDB DEFAULT CHARSET=utf8;

--
-- Dumping data for table `blogs`
--

INSERT INTO `blogs` (`id`, `title`, `tags`, `content`, `photo`, `posted`, `date`, `author`, `category`) VALUES
(8, 'Computer Science and Engineering', 'CSE', '<span class=\"ILfuVd\"><span class=\"hgKElc\"><b>Computer Science</b> &amp; <b>Engineering</b> (CSE) is an academic program at many universities which comprises <b>scientific and engineering</b> aspects of <b>computing</b>. CSE is also a term often used in Europe to translate the name of <b>engineering</b> informatics academic programs.</span></span>', '24524200_1625304552.png', 'publish', '2021-07-03', 'admin', '7'),
(9, 'Civil Engineering', 'CEN', '<p>Civil engineering is the application of physical and scientific \r\nprinciples for solving the problems of society, and its history is \r\nintricately linked to advances in the understanding of <a href=\"https://en.wikipedia.org/wiki/Physics\" title=\"Physics\">physics</a> and <a href=\"https://en.wikipedia.org/wiki/Mathematics\" title=\"Mathematics\">mathematics</a>\r\n throughout history. Because civil engineering is a broad profession, \r\nincluding several specialized sub-disciplines, its history is linked to \r\nknowledge of structures, materials science, geography, <a href=\"https://en.wikipedia.org/wiki/Geology\" title=\"Geology\">geology</a>, <a href=\"https://en.wikipedia.org/wiki/Soil\" title=\"Soil\">soils</a>, <a href=\"https://en.wikipedia.org/wiki/Hydrology\" title=\"Hydrology\">hydrology</a>, <a href=\"https://en.wikipedia.org/wiki/Environmental_science\" title=\"Environmental science\">environmental science</a>, <a href=\"https://en.wikipedia.org/wiki/Mechanics\" title=\"Mechanics\">mechanics</a>, <a href=\"https://en.wikipedia.org/wiki/Project_management\" title=\"Project management\">project management</a>, and other fields.<sup id=\"cite_ref-baveystock_6-0\" class=\"reference\"><a href=\"https://en.wikipedia.org/wiki/Civil_engineering#cite_note-baveystock-6\">[6]</a></sup>\r\n</p><p>Throughout ancient and medieval history most architectural design and construction was carried out by <a href=\"https://en.wikipedia.org/wiki/Artisan\" title=\"Artisan\">artisans</a>, such as <a href=\"https://en.wikipedia.org/wiki/Masonry\" title=\"Masonry\">stonemasons</a> and <a href=\"https://en.wikipedia.org/wiki/Carpenter\" class=\"mw-redirect\" title=\"Carpenter\">carpenters</a>, rising to the role of <a href=\"https://en.wikipedia.org/wiki/Architect\" title=\"Architect\">master builder</a>. Knowledge was retained in <a href=\"https://en.wikipedia.org/wiki/Guild\" title=\"Guild\">guilds</a>\r\n and seldom supplanted by advances. Structures, roads, and \r\ninfrastructure that existed were repetitive, and increases in scale were\r\n incremental.<sup id=\"cite_ref-Saouma_7-0\" class=\"reference\"><a href=\"https://en.wikipedia.org/wiki/Civil_engineering#cite_note-Saouma-7\">[7]</a></sup>\r\n</p><p>One of the earliest examples of a scientific approach to physical\r\n and mathematical problems applicable to civil engineering is the work \r\nof <a href=\"https://en.wikipedia.org/wiki/Archimedes\" title=\"Archimedes\">Archimedes</a> in the 3rd century BC, including Archimedes Principle, which underpins our understanding of <a href=\"https://en.wikipedia.org/wiki/Buoyancy\" title=\"Buoyancy\">buoyancy</a>, and practical solutions such as <a href=\"https://en.wikipedia.org/wiki/Archimedes%27_screw\" title=\"Archimedes\' screw\">Archimedes\' screw</a>. <a href=\"https://en.wikipedia.org/wiki/Brahmagupta\" title=\"Brahmagupta\">Brahmagupta</a>,\r\n an Indian mathematician, used arithmetic in the 7th century AD, based \r\non Hindu-Arabic numerals, for excavation (volume) computations.<sup id=\"cite_ref-8\" class=\"reference\"><a href=\"https://en.wikipedia.org/wiki/Civil_engineering#cite_note-8\">[8]</a></sup>\r\n</p>', '74309500_1625306479.png', 'publish', '2021-07-03', 'admin', '7'),
(10, 'Electrical and Electronics Engineering', 'EEE', '<p><b>Electrical engineering</b> is an <a href=\"https://en.wikipedia.org/wiki/Engineering\" title=\"Engineering\">engineering</a> discipline concerned with the study, design and application of equipment, devices and systems which use <a href=\"https://en.wikipedia.org/wiki/Electricity\" title=\"Electricity\">electricity</a>, <a href=\"https://en.wikipedia.org/wiki/Electronics\" title=\"Electronics\">electronics</a>, and <a href=\"https://en.wikipedia.org/wiki/Electromagnetism\" title=\"Electromagnetism\">electromagnetism</a>. It emerged as an identifiable occupation in the latter half of the 19th century after <a href=\"https://en.wikipedia.org/wiki/Commercialization\" title=\"Commercialization\">commercialization</a> of the <a href=\"https://en.wikipedia.org/wiki/Electric_telegraph\" class=\"mw-redirect\" title=\"Electric telegraph\">electric telegraph</a>, the <a href=\"https://en.wikipedia.org/wiki/Telephone\" title=\"Telephone\">telephone</a>, and <a href=\"https://en.wikipedia.org/wiki/Electrical_power\" class=\"mw-redirect\" title=\"Electrical power\">electrical power</a> generation, distribution and use.\r\n</p><p>Electrical engineering is now divided into a wide range of different fields, including <a href=\"https://en.wikipedia.org/wiki/Computer_engineering\" title=\"Computer engineering\">computer engineering</a>, <a href=\"https://en.wikipedia.org/wiki/Systems_engineering\" title=\"Systems engineering\">systems engineering</a>, <a href=\"https://en.wikipedia.org/wiki/Power_engineering\" title=\"Power engineering\">power engineering</a>, <a href=\"https://en.wikipedia.org/wiki/Telecommunication\" title=\"Telecommunication\">telecommunications</a>, <a href=\"https://en.wikipedia.org/wiki/Radio-frequency_engineering\" title=\"Radio-frequency engineering\">radio-frequency engineering</a>, <a href=\"https://en.wikipedia.org/wiki/Signal_processing\" title=\"Signal processing\">signal processing</a>, <a href=\"https://en.wikipedia.org/wiki/Instrumentation\" title=\"Instrumentation\">instrumentation</a>, <a href=\"https://en.wikipedia.org/wiki/Electronics\" title=\"Electronics\">electronics</a>, and <a href=\"https://en.wikipedia.org/wiki/Optics\" title=\"Optics\">optics</a> and <a href=\"https://en.wikipedia.org/wiki/Photonics\" title=\"Photonics\">photonics</a>.\r\n Many of these disciplines overlap with other engineering branches, \r\nspanning a huge number of specializations including hardware \r\nengineering, <a href=\"https://en.wikipedia.org/wiki/Power_electronics\" title=\"Power electronics\">power electronics</a>, electromagnetics and waves, <a href=\"https://en.wikipedia.org/wiki/Microwave_engineering\" title=\"Microwave engineering\">microwave engineering</a>, <a href=\"https://en.wikipedia.org/wiki/Nanotechnology\" title=\"Nanotechnology\">nanotechnology</a>, <a href=\"https://en.wikipedia.org/wiki/Electrochemistry\" title=\"\">electrochemistry</a>, renewable energies, mechatronics, and electrical materials science.<sup id=\"cite_ref-1\" class=\"reference\"><a href=\"https://en.wikipedia.org/wiki/Electrical_engineering#cite_note-1\">[a]</a></sup>\r\n</p>', '37751800_1625306787.png', 'publish', '2021-07-03', 'admin', '7');

-- --------------------------------------------------------

--
-- Table structure for table `blog_categories`
--

CREATE TABLE `blog_categories` (
  `id` int(10) UNSIGNED NOT NULL,
  `name` varchar(40) NOT NULL
) ENGINE=InnoDB DEFAULT CHARSET=utf8;

--
-- Dumping data for table `blog_categories`
--

INSERT INTO `blog_categories` (`id`, `name`) VALUES
(7, 'Engineering');

-- --------------------------------------------------------

--
-- Table structure for table `editors_choice`
--

CREATE TABLE `editors_choice` (
  `id` int(10) UNSIGNED NOT NULL,
  `blog` int(10) UNSIGNED NOT NULL
) ENGINE=InnoDB DEFAULT CHARSET=utf8;

-- --------------------------------------------------------

--
-- Table structure for table `links`
--

CREATE TABLE `links` (
  `id` int(10) UNSIGNED NOT NULL,
  `facebook` varchar(40) DEFAULT NULL,
  `twitter` varchar(40) DEFAULT NULL,
  `googleplus` varchar(40) DEFAULT NULL,
  `pinterest` varchar(40) DEFAULT NULL,
  `dribble` varchar(40) DEFAULT NULL,
  `comments_script` text DEFAULT NULL,
  `sharing_script` text DEFAULT NULL,
  `javascript` text DEFAULT NULL
) ENGINE=InnoDB DEFAULT CHARSET=utf8;

-- --------------------------------------------------------

--
-- Table structure for table `membership_grouppermissions`
--

CREATE TABLE `membership_grouppermissions` (
  `permissionID` int(10) UNSIGNED NOT NULL,
  `groupID` int(11) DEFAULT NULL,
  `tableName` varchar(100) DEFAULT NULL,
  `allowInsert` tinyint(4) DEFAULT NULL,
  `allowView` tinyint(4) NOT NULL DEFAULT 0,
  `allowEdit` tinyint(4) NOT NULL DEFAULT 0,
  `allowDelete` tinyint(4) NOT NULL DEFAULT 0
) ENGINE=InnoDB DEFAULT CHARSET=utf8;

--
-- Dumping data for table `membership_grouppermissions`
--

INSERT INTO `membership_grouppermissions` (`permissionID`, `groupID`, `tableName`, `allowInsert`, `allowView`, `allowEdit`, `allowDelete`) VALUES
(1, 2, 'titles', 1, 3, 3, 3),
(2, 2, 'links', 1, 3, 3, 3),
(3, 2, 'blog_categories', 1, 3, 3, 3),
(4, 2, 'blogs', 1, 3, 3, 3),
(5, 2, 'banner_posts', 1, 3, 3, 3),
(6, 2, 'editors_choice', 1, 3, 3, 3),
(32, 3, 'titles', 0, 0, 0, 0),
(33, 3, 'links', 0, 0, 0, 0),
(34, 3, 'blog_categories', 0, 3, 0, 0),
(35, 3, 'blogs', 1, 1, 1, 1),
(36, 3, 'editors_choice', 0, 0, 0, 0);

-- --------------------------------------------------------

--
-- Table structure for table `membership_groups`
--

CREATE TABLE `membership_groups` (
  `groupID` int(10) UNSIGNED NOT NULL,
  `name` varchar(20) DEFAULT NULL,
  `description` text DEFAULT NULL,
  `allowSignup` tinyint(4) DEFAULT NULL,
  `needsApproval` tinyint(4) DEFAULT NULL
) ENGINE=InnoDB DEFAULT CHARSET=utf8;

--
-- Dumping data for table `membership_groups`
--

INSERT INTO `membership_groups` (`groupID`, `name`, `description`, `allowSignup`, `needsApproval`) VALUES
(1, 'anonymous', 'Anonymous group created automatically on 2018-04-26', 0, 0),
(2, 'Admins', 'Admin group created automatically on 2018-04-26', 0, 1),
(3, 'authors', 'contains all the guest authors', 1, 0);

-- --------------------------------------------------------

--
-- Table structure for table `membership_userpermissions`
--

CREATE TABLE `membership_userpermissions` (
  `permissionID` int(10) UNSIGNED NOT NULL,
  `memberID` varchar(20) NOT NULL,
  `tableName` varchar(100) DEFAULT NULL,
  `allowInsert` tinyint(4) DEFAULT NULL,
  `allowView` tinyint(4) NOT NULL DEFAULT 0,
  `allowEdit` tinyint(4) NOT NULL DEFAULT 0,
  `allowDelete` tinyint(4) NOT NULL DEFAULT 0
) ENGINE=InnoDB DEFAULT CHARSET=utf8;

-- --------------------------------------------------------

--
-- Table structure for table `membership_userrecords`
--

CREATE TABLE `membership_userrecords` (
  `recID` bigint(20) UNSIGNED NOT NULL,
  `tableName` varchar(100) DEFAULT NULL,
  `pkValue` varchar(255) DEFAULT NULL,
  `memberID` varchar(20) DEFAULT NULL,
  `dateAdded` bigint(20) UNSIGNED DEFAULT NULL,
  `dateUpdated` bigint(20) UNSIGNED DEFAULT NULL,
  `groupID` int(11) DEFAULT NULL
) ENGINE=InnoDB DEFAULT CHARSET=utf8;

--
-- Dumping data for table `membership_userrecords`
--

INSERT INTO `membership_userrecords` (`recID`, `tableName`, `pkValue`, `memberID`, `dateAdded`, `dateUpdated`, `groupID`) VALUES
(19, 'blog_categories', '7', 'admin', 1625304414, 1625304414, 2),
(20, 'blogs', '8', 'admin', 1625304552, 1625304552, 2),
(21, 'blogs', '9', 'admin', 1625306479, 1625306479, 2),
(22, 'blogs', '10', 'admin', 1625306787, 1625306787, 2);

-- --------------------------------------------------------

--
-- Table structure for table `membership_users`
--

CREATE TABLE `membership_users` (
  `memberID` varchar(20) NOT NULL,
  `passMD5` varchar(40) DEFAULT NULL,
  `email` varchar(100) DEFAULT NULL,
  `signupDate` date DEFAULT NULL,
  `groupID` int(10) UNSIGNED DEFAULT NULL,
  `isBanned` tinyint(4) DEFAULT NULL,
  `isApproved` tinyint(4) DEFAULT NULL,
  `custom1` text DEFAULT NULL,
  `custom2` text DEFAULT NULL,
  `custom3` text DEFAULT NULL,
  `custom4` text DEFAULT NULL,
  `comments` text DEFAULT NULL,
  `pass_reset_key` varchar(100) DEFAULT NULL,
  `pass_reset_expiry` int(10) UNSIGNED DEFAULT NULL
) ENGINE=InnoDB DEFAULT CHARSET=utf8;

--
-- Dumping data for table `membership_users`
--

INSERT INTO `membership_users` (`memberID`, `passMD5`, `email`, `signupDate`, `groupID`, `isBanned`, `isApproved`, `custom1`, `custom2`, `custom3`, `custom4`, `comments`, `pass_reset_key`, `pass_reset_expiry`) VALUES
('admin', '21232f297a57a5a743894a0e4a801fc3', 'khorshedalom3517@gmail.com', '2021-04-26', 2, 0, 1, 'Khorshed Alom', 'Dhaka', 'dhaka', '01303713906', 'Record updated automatically on 2021-07-03\r\nRecord updated automatically on 2021-07-03', NULL, NULL),
('guest', NULL, NULL, '2021-04-26', 1, 0, 1, NULL, NULL, NULL, NULL, '', NULL, NULL);

-- --------------------------------------------------------

--
-- Table structure for table `page_hits`
--

CREATE TABLE `page_hits` (
  `page` varchar(255) NOT NULL,
  `count` int(11) DEFAULT NULL
) ENGINE=InnoDB DEFAULT CHARSET=latin1;

--
-- Dumping data for table `page_hits`
--

INSERT INTO `page_hits` (`page`, `count`) VALUES
('Civil Engineering', 4),
('Computer Science and Engineering', 6),
('Electrical and Electronics Engineering', 8);

-- --------------------------------------------------------

--
-- Table structure for table `titles`
--

CREATE TABLE `titles` (
  `id` int(10) UNSIGNED NOT NULL,
  `website_name` varchar(40) DEFAULT NULL,
  `tagline` varchar(40) DEFAULT NULL,
  `icon` varchar(40) DEFAULT NULL,
  `keywords` varchar(220) DEFAULT NULL,
  `short_description` varchar(200) DEFAULT NULL,
  `bannertext1` varchar(150) DEFAULT NULL,
  `bannertext2` varchar(150) DEFAULT NULL,
  `bannertext3` varchar(150) DEFAULT NULL,
  `bannertext4` varchar(150) DEFAULT NULL,
  `detailed_description` text DEFAULT NULL,
  `address` varchar(40) DEFAULT NULL,
  `email` varchar(80) DEFAULT NULL,
  `phone` varchar(40) DEFAULT NULL,
  `googlemap` varchar(255) DEFAULT NULL
) ENGINE=InnoDB DEFAULT CHARSET=utf8;

-- --------------------------------------------------------

--
-- Table structure for table `visitor_info`
--

CREATE TABLE `visitor_info` (
  `id` int(11) NOT NULL,
  `ip_address` varchar(255) DEFAULT NULL,
  `user_agent` varchar(255) DEFAULT NULL,
  `time_accessed` timestamp NOT NULL DEFAULT current_timestamp()
) ENGINE=InnoDB DEFAULT CHARSET=latin1;

--
-- Dumping data for table `visitor_info`
--

INSERT INTO `visitor_info` (`id`, `ip_address`, `user_agent`, `time_accessed`) VALUES
(1, '::1', 'Mozilla/5.0 (Windows NT 10.0; Win64; x64) AppleWebKit/537.36 (KHTML, like Gecko) Chrome/66.0.3359.117 Safari/537.36', '2018-04-27 16:26:52'),
(2, '::1', 'Mozilla/5.0 (Windows NT 10.0; Win64; x64) AppleWebKit/537.36 (KHTML, like Gecko) Chrome/66.0.3359.117 Safari/537.36', '2018-04-27 16:27:01'),
(3, '::1', 'Mozilla/5.0 (Windows NT 10.0; Win64; x64) AppleWebKit/537.36 (KHTML, like Gecko) Chrome/66.0.3359.117 Safari/537.36', '2018-04-27 16:27:40'),
(4, '::1', 'Mozilla/5.0 (Windows NT 10.0; Win64; x64) AppleWebKit/537.36 (KHTML, like Gecko) Chrome/66.0.3359.117 Safari/537.36', '2018-04-27 16:27:55'),
(5, '::1', 'Mozilla/5.0 (Windows NT 10.0; Win64; x64) AppleWebKit/537.36 (KHTML, like Gecko) Chrome/66.0.3359.117 Safari/537.36', '2018-04-27 16:28:01'),
(6, '::1', 'Mozilla/5.0 (Windows NT 10.0; Win64; x64) AppleWebKit/537.36 (KHTML, like Gecko) Chrome/66.0.3359.117 Safari/537.36', '2018-04-27 16:28:12'),
(7, '::1', 'Mozilla/5.0 (Windows NT 10.0; Win64; x64) AppleWebKit/537.36 (KHTML, like Gecko) Chrome/66.0.3359.117 Safari/537.36', '2018-04-27 16:28:19'),
(8, '::1', 'Mozilla/5.0 (Windows NT 10.0; Win64; x64) AppleWebKit/537.36 (KHTML, like Gecko) Chrome/66.0.3359.117 Safari/537.36', '2018-04-27 16:28:22'),
(9, '::1', 'Mozilla/5.0 (Windows NT 10.0; Win64; x64) AppleWebKit/537.36 (KHTML, like Gecko) Chrome/66.0.3359.117 Safari/537.36', '2018-04-27 16:28:29'),
(10, '::1', 'Mozilla/5.0 (Windows NT 10.0; Win64; x64) AppleWebKit/537.36 (KHTML, like Gecko) Chrome/66.0.3359.117 Safari/537.36', '2018-04-27 16:28:32'),
(11, '::1', 'Mozilla/5.0 (Windows NT 10.0; Win64; x64) AppleWebKit/537.36 (KHTML, like Gecko) Chrome/66.0.3359.117 Safari/537.36', '2018-04-27 16:28:35'),
(12, '::1', 'Mozilla/5.0 (Windows NT 10.0; Win64; x64) AppleWebKit/537.36 (KHTML, like Gecko) Chrome/66.0.3359.117 Safari/537.36', '2018-04-27 16:28:38'),
(13, '::1', 'Mozilla/5.0 (Windows NT 10.0; Win64; x64) AppleWebKit/537.36 (KHTML, like Gecko) Chrome/66.0.3359.117 Safari/537.36', '2018-04-27 16:29:05'),
(14, '::1', 'Mozilla/5.0 (Windows NT 10.0; Win64; x64) AppleWebKit/537.36 (KHTML, like Gecko) Chrome/66.0.3359.117 Safari/537.36', '2018-04-27 16:29:09'),
(15, '::1', 'Mozilla/5.0 (Windows NT 10.0; Win64; x64) AppleWebKit/537.36 (KHTML, like Gecko) Chrome/66.0.3359.117 Safari/537.36', '2018-04-27 16:29:18'),
(16, '::1', 'Mozilla/5.0 (Windows NT 10.0; Win64; x64) AppleWebKit/537.36 (KHTML, like Gecko) Chrome/66.0.3359.117 Safari/537.36', '2018-04-27 16:29:25'),
(17, '::1', 'Mozilla/5.0 (Windows NT 10.0; Win64; x64) AppleWebKit/537.36 (KHTML, like Gecko) Chrome/66.0.3359.117 Safari/537.36', '2018-04-27 16:29:28'),
(18, '::1', 'Mozilla/5.0 (Windows NT 10.0; Win64; x64) AppleWebKit/537.36 (KHTML, like Gecko) Chrome/66.0.3359.117 Safari/537.36', '2018-04-27 16:29:51'),
(19, '::1', 'Mozilla/5.0 (Windows NT 10.0; Win64; x64) AppleWebKit/537.36 (KHTML, like Gecko) Chrome/66.0.3359.117 Safari/537.36', '2018-04-27 16:29:57'),
(20, '::1', 'Mozilla/5.0 (Windows NT 10.0; Win64; x64) AppleWebKit/537.36 (KHTML, like Gecko) Chrome/66.0.3359.117 Safari/537.36', '2018-04-27 16:30:00'),
(21, '::1', 'Mozilla/5.0 (Windows NT 10.0; Win64; x64) AppleWebKit/537.36 (KHTML, like Gecko) Chrome/66.0.3359.117 Safari/537.36', '2018-04-27 16:30:07'),
(22, '::1', 'Mozilla/5.0 (Windows NT 10.0; Win64; x64) AppleWebKit/537.36 (KHTML, like Gecko) Chrome/66.0.3359.117 Safari/537.36', '2018-04-27 16:30:15'),
(23, '::1', 'Mozilla/5.0 (Windows NT 10.0; Win64; x64) AppleWebKit/537.36 (KHTML, like Gecko) Chrome/66.0.3359.117 Safari/537.36', '2018-04-27 16:39:41'),
(24, '::1', 'Mozilla/5.0 (Windows NT 10.0; Win64; x64) AppleWebKit/537.36 (KHTML, like Gecko) Chrome/66.0.3359.117 Safari/537.36', '2018-04-27 16:40:41'),
(25, '::1', 'Mozilla/5.0 (Windows NT 10.0; Win64; x64) AppleWebKit/537.36 (KHTML, like Gecko) Chrome/66.0.3359.117 Safari/537.36', '2018-04-27 16:41:27'),
(26, '::1', 'Mozilla/5.0 (Windows NT 10.0; Win64; x64) AppleWebKit/537.36 (KHTML, like Gecko) Chrome/66.0.3359.117 Safari/537.36', '2018-04-27 17:26:10'),
(27, '::1', 'Mozilla/5.0 (Windows NT 10.0; Win64; x64) AppleWebKit/537.36 (KHTML, like Gecko) Chrome/66.0.3359.117 Safari/537.36', '2018-04-27 17:27:34'),
(28, '::1', 'Mozilla/5.0 (Windows NT 10.0; Win64; x64) AppleWebKit/537.36 (KHTML, like Gecko) Chrome/66.0.3359.117 Safari/537.36', '2018-04-27 17:28:20'),
(29, '::1', 'Mozilla/5.0 (Windows NT 10.0; Win64; x64) AppleWebKit/537.36 (KHTML, like Gecko) Chrome/66.0.3359.117 Safari/537.36', '2018-04-27 17:28:42'),
(30, '::1', 'Mozilla/5.0 (Windows NT 10.0; Win64; x64) AppleWebKit/537.36 (KHTML, like Gecko) Chrome/66.0.3359.117 Safari/537.36', '2018-04-27 17:30:26'),
(31, '::1', 'Mozilla/5.0 (Windows NT 10.0; Win64; x64) AppleWebKit/537.36 (KHTML, like Gecko) Chrome/66.0.3359.117 Safari/537.36', '2018-04-27 17:30:38'),
(32, '::1', 'Mozilla/5.0 (Windows NT 10.0; Win64; x64) AppleWebKit/537.36 (KHTML, like Gecko) Chrome/66.0.3359.117 Safari/537.36', '2018-04-27 17:30:41'),
(33, '::1', 'Mozilla/5.0 (Windows NT 10.0; Win64; x64) AppleWebKit/537.36 (KHTML, like Gecko) Chrome/66.0.3359.117 Safari/537.36', '2018-04-27 17:30:43'),
(34, '::1', 'Mozilla/5.0 (Windows NT 10.0; Win64; x64) AppleWebKit/537.36 (KHTML, like Gecko) Chrome/66.0.3359.117 Safari/537.36', '2018-04-27 17:30:45'),
(35, '::1', 'Mozilla/5.0 (Windows NT 10.0; Win64; x64) AppleWebKit/537.36 (KHTML, like Gecko) Chrome/66.0.3359.117 Safari/537.36', '2018-04-27 17:30:48'),
(36, '::1', 'Mozilla/5.0 (Windows NT 10.0; Win64; x64) AppleWebKit/537.36 (KHTML, like Gecko) Chrome/66.0.3359.117 Safari/537.36', '2018-04-27 17:30:51'),
(37, '::1', 'Mozilla/5.0 (Windows NT 10.0; Win64; x64) AppleWebKit/537.36 (KHTML, like Gecko) Chrome/66.0.3359.117 Safari/537.36', '2018-04-27 17:30:53'),
(38, '::1', 'Mozilla/5.0 (Windows NT 10.0; Win64; x64) AppleWebKit/537.36 (KHTML, like Gecko) Chrome/66.0.3359.117 Safari/537.36', '2018-04-27 17:30:56'),
(39, '::1', 'Mozilla/5.0 (Windows NT 10.0; Win64; x64) AppleWebKit/537.36 (KHTML, like Gecko) Chrome/66.0.3359.117 Safari/537.36', '2018-04-27 17:30:59'),
(40, '::1', 'Mozilla/5.0 (Windows NT 10.0; Win64; x64) AppleWebKit/537.36 (KHTML, like Gecko) Chrome/66.0.3359.117 Safari/537.36', '2018-04-27 17:32:02'),
(41, '::1', 'Mozilla/5.0 (Windows NT 10.0; Win64; x64) AppleWebKit/537.36 (KHTML, like Gecko) Chrome/66.0.3359.117 Safari/537.36', '2018-04-27 17:32:05'),
(42, '::1', 'Mozilla/5.0 (Windows NT 10.0; Win64; x64) AppleWebKit/537.36 (KHTML, like Gecko) Chrome/66.0.3359.117 Safari/537.36', '2018-04-27 17:32:07'),
(43, '::1', 'Mozilla/5.0 (Windows NT 10.0; Win64; x64) AppleWebKit/537.36 (KHTML, like Gecko) Chrome/66.0.3359.117 Safari/537.36', '2018-04-27 17:32:10'),
(44, '::1', 'Mozilla/5.0 (Windows NT 10.0; Win64; x64) AppleWebKit/537.36 (KHTML, like Gecko) Chrome/66.0.3359.117 Safari/537.36', '2018-04-27 19:08:04'),
(45, '::1', 'Mozilla/5.0 (Windows NT 10.0; Win64; x64) AppleWebKit/537.36 (KHTML, like Gecko) Chrome/66.0.3359.117 Safari/537.36', '2018-04-27 19:08:14'),
(46, '::1', 'Mozilla/5.0 (Windows NT 10.0; Win64; x64) AppleWebKit/537.36 (KHTML, like Gecko) Chrome/66.0.3359.117 Safari/537.36', '2018-04-27 21:43:06'),
(47, '::1', 'Mozilla/5.0 (Windows NT 10.0; Win64; x64) AppleWebKit/537.36 (KHTML, like Gecko) Chrome/66.0.3359.117 Safari/537.36', '2018-04-27 21:47:01'),
(48, '::1', 'Mozilla/5.0 (Windows NT 10.0; Win64; x64) AppleWebKit/537.36 (KHTML, like Gecko) Chrome/66.0.3359.117 Safari/537.36', '2018-04-27 21:47:08'),
(49, '::1', 'Mozilla/5.0 (Windows NT 10.0; Win64; x64) AppleWebKit/537.36 (KHTML, like Gecko) Chrome/66.0.3359.117 Safari/537.36', '2018-04-27 21:48:58'),
(50, '::1', 'Mozilla/5.0 (Windows NT 10.0; Win64; x64) AppleWebKit/537.36 (KHTML, like Gecko) Chrome/66.0.3359.117 Safari/537.36', '2018-04-27 21:49:18'),
(51, '::1', 'Mozilla/5.0 (Windows NT 10.0; Win64; x64) AppleWebKit/537.36 (KHTML, like Gecko) Chrome/66.0.3359.117 Safari/537.36', '2018-04-27 22:22:28'),
(52, '::1', 'Mozilla/5.0 (Windows NT 10.0; Win64; x64) AppleWebKit/537.36 (KHTML, like Gecko) Chrome/66.0.3359.117 Safari/537.36', '2018-04-28 01:41:41'),
(53, '::1', 'Mozilla/5.0 (Windows NT 10.0; Win64; x64) AppleWebKit/537.36 (KHTML, like Gecko) Chrome/66.0.3359.117 Safari/537.36', '2018-04-28 01:43:58'),
(54, '::1', 'Mozilla/5.0 (Windows NT 10.0; Win64; x64) AppleWebKit/537.36 (KHTML, like Gecko) Chrome/66.0.3359.117 Safari/537.36', '2018-04-28 01:46:23'),
(55, '127.0.0.1', 'Mozilla/5.0 (Windows NT 10.0; Win64; x64; rv:89.0) Gecko/20100101 Firefox/89.0', '2021-06-24 14:26:28'),
(56, '127.0.0.1', 'Mozilla/5.0 (Windows NT 10.0; Win64; x64; rv:89.0) Gecko/20100101 Firefox/89.0', '2021-06-24 14:31:33'),
(57, '127.0.0.1', 'Mozilla/5.0 (Windows NT 10.0; Win64; x64; rv:89.0) Gecko/20100101 Firefox/89.0', '2021-06-24 14:32:12'),
(58, '127.0.0.1', 'Mozilla/5.0 (Windows NT 10.0; Win64; x64; rv:89.0) Gecko/20100101 Firefox/89.0', '2021-06-24 14:47:03'),
(59, '127.0.0.1', 'Mozilla/5.0 (Windows NT 10.0; Win64; x64; rv:89.0) Gecko/20100101 Firefox/89.0', '2021-06-24 14:48:01'),
(60, '127.0.0.1', 'Mozilla/5.0 (Windows NT 10.0; Win64; x64; rv:89.0) Gecko/20100101 Firefox/89.0', '2021-07-01 13:31:53'),
(61, '127.0.0.1', 'Mozilla/5.0 (Windows NT 10.0; Win64; x64; rv:89.0) Gecko/20100101 Firefox/89.0', '2021-07-01 13:32:11'),
(62, '127.0.0.1', 'Mozilla/5.0 (Windows NT 10.0; Win64; x64; rv:89.0) Gecko/20100101 Firefox/89.0', '2021-07-01 15:54:33'),
(63, '127.0.0.1', 'Mozilla/5.0 (Windows NT 10.0; Win64; x64; rv:89.0) Gecko/20100101 Firefox/89.0', '2021-07-03 09:18:02'),
(64, '127.0.0.1', 'Mozilla/5.0 (Windows NT 10.0; Win64; x64; rv:89.0) Gecko/20100101 Firefox/89.0', '2021-07-03 09:33:11'),
(65, '127.0.0.1', 'Mozilla/5.0 (Windows NT 10.0; Win64; x64; rv:89.0) Gecko/20100101 Firefox/89.0', '2021-07-03 09:36:03'),
(66, '127.0.0.1', 'Mozilla/5.0 (Windows NT 10.0; Win64; x64; rv:89.0) Gecko/20100101 Firefox/89.0', '2021-07-03 10:01:26'),
(67, '127.0.0.1', 'Mozilla/5.0 (Windows NT 10.0; Win64; x64; rv:89.0) Gecko/20100101 Firefox/89.0', '2021-07-03 10:03:13'),
(68, '127.0.0.1', 'Mozilla/5.0 (Windows NT 10.0; Win64; x64; rv:89.0) Gecko/20100101 Firefox/89.0', '2021-07-03 10:03:52'),
(69, '127.0.0.1', 'Mozilla/5.0 (Windows NT 10.0; Win64; x64; rv:89.0) Gecko/20100101 Firefox/89.0', '2021-07-03 10:04:31'),
(70, '127.0.0.1', 'Mozilla/5.0 (Windows NT 10.0; Win64; x64; rv:89.0) Gecko/20100101 Firefox/89.0', '2021-07-03 10:06:50'),
(71, '127.0.0.1', 'Mozilla/5.0 (Windows NT 10.0; Win64; x64; rv:89.0) Gecko/20100101 Firefox/89.0', '2021-07-03 17:01:12'),
(72, '127.0.0.1', 'Mozilla/5.0 (Windows NT 10.0; Win64; x64; rv:89.0) Gecko/20100101 Firefox/89.0', '2021-07-03 17:07:06'),
(73, '127.0.0.1', 'Mozilla/5.0 (Windows NT 10.0; Win64; x64; rv:89.0) Gecko/20100101 Firefox/89.0', '2021-07-03 17:09:27'),
(74, '127.0.0.1', 'Mozilla/5.0 (Windows NT 10.0; Win64; x64; rv:89.0) Gecko/20100101 Firefox/89.0', '2021-07-03 17:19:03'),
(75, '127.0.0.1', 'Mozilla/5.0 (Windows NT 10.0; Win64; x64; rv:89.0) Gecko/20100101 Firefox/89.0', '2021-07-04 06:42:01'),
(76, '127.0.0.1', 'Mozilla/5.0 (Windows NT 10.0; Win64; x64; rv:89.0) Gecko/20100101 Firefox/89.0', '2021-07-08 13:57:22'),
(77, '127.0.0.1', 'Mozilla/5.0 (Windows NT 10.0; Win64; x64; rv:89.0) Gecko/20100101 Firefox/89.0', '2021-07-08 13:57:41'),
(78, '127.0.0.1', 'Mozilla/5.0 (Windows NT 10.0; Win64; x64; rv:89.0) Gecko/20100101 Firefox/89.0', '2021-07-08 13:59:29'),
(79, '127.0.0.1', 'Mozilla/5.0 (Windows NT 10.0; Win64; x64; rv:89.0) Gecko/20100101 Firefox/89.0', '2021-07-08 14:01:23'),
(80, '127.0.0.1', 'Mozilla/5.0 (Windows NT 10.0; Win64; x64; rv:89.0) Gecko/20100101 Firefox/89.0', '2021-07-15 03:39:22'),
(81, '127.0.0.1', 'Mozilla/5.0 (Windows NT 10.0; Win64; x64; rv:93.0) Gecko/20100101 Firefox/93.0', '2021-10-21 07:05:55');

--
-- Indexes for dumped tables
--

--
-- Indexes for table `banner_posts`
--
ALTER TABLE `banner_posts`
  ADD PRIMARY KEY (`id`),
  ADD KEY `title` (`title`);

--
-- Indexes for table `blogs`
--
ALTER TABLE `blogs`
  ADD PRIMARY KEY (`id`),
  ADD KEY `category` (`category`);

--
-- Indexes for table `blog_categories`
--
ALTER TABLE `blog_categories`
  ADD PRIMARY KEY (`id`);

--
-- Indexes for table `editors_choice`
--
ALTER TABLE `editors_choice`
  ADD PRIMARY KEY (`id`),
  ADD KEY `blog` (`blog`);

--
-- Indexes for table `links`
--
ALTER TABLE `links`
  ADD PRIMARY KEY (`id`);

--
-- Indexes for table `membership_grouppermissions`
--
ALTER TABLE `membership_grouppermissions`
  ADD PRIMARY KEY (`permissionID`);

--
-- Indexes for table `membership_groups`
--
ALTER TABLE `membership_groups`
  ADD PRIMARY KEY (`groupID`);

--
-- Indexes for table `membership_userpermissions`
--
ALTER TABLE `membership_userpermissions`
  ADD PRIMARY KEY (`permissionID`);

--
-- Indexes for table `membership_userrecords`
--
ALTER TABLE `membership_userrecords`
  ADD PRIMARY KEY (`recID`),
  ADD UNIQUE KEY `tableName_pkValue` (`tableName`,`pkValue`),
  ADD KEY `pkValue` (`pkValue`),
  ADD KEY `tableName` (`tableName`),
  ADD KEY `memberID` (`memberID`),
  ADD KEY `groupID` (`groupID`);

--
-- Indexes for table `membership_users`
--
ALTER TABLE `membership_users`
  ADD PRIMARY KEY (`memberID`),
  ADD KEY `groupID` (`groupID`);

--
-- Indexes for table `page_hits`
--
ALTER TABLE `page_hits`
  ADD PRIMARY KEY (`page`);

--
-- Indexes for table `titles`
--
ALTER TABLE `titles`
  ADD PRIMARY KEY (`id`);

--
-- Indexes for table `visitor_info`
--
ALTER TABLE `visitor_info`
  ADD PRIMARY KEY (`id`);

--
-- AUTO_INCREMENT for dumped tables
--

--
-- AUTO_INCREMENT for table `banner_posts`
--
ALTER TABLE `banner_posts`
  MODIFY `id` int(10) UNSIGNED NOT NULL AUTO_INCREMENT, AUTO_INCREMENT=2;

--
-- AUTO_INCREMENT for table `blogs`
--
ALTER TABLE `blogs`
  MODIFY `id` int(10) UNSIGNED NOT NULL AUTO_INCREMENT, AUTO_INCREMENT=11;

--
-- AUTO_INCREMENT for table `blog_categories`
--
ALTER TABLE `blog_categories`
  MODIFY `id` int(10) UNSIGNED NOT NULL AUTO_INCREMENT, AUTO_INCREMENT=8;

--
-- AUTO_INCREMENT for table `editors_choice`
--
ALTER TABLE `editors_choice`
  MODIFY `id` int(10) UNSIGNED NOT NULL AUTO_INCREMENT, AUTO_INCREMENT=3;

--
-- AUTO_INCREMENT for table `links`
--
ALTER TABLE `links`
  MODIFY `id` int(10) UNSIGNED NOT NULL AUTO_INCREMENT, AUTO_INCREMENT=2;

--
-- AUTO_INCREMENT for table `membership_grouppermissions`
--
ALTER TABLE `membership_grouppermissions`
  MODIFY `permissionID` int(10) UNSIGNED NOT NULL AUTO_INCREMENT, AUTO_INCREMENT=37;

--
-- AUTO_INCREMENT for table `membership_groups`
--
ALTER TABLE `membership_groups`
  MODIFY `groupID` int(10) UNSIGNED NOT NULL AUTO_INCREMENT, AUTO_INCREMENT=4;

--
-- AUTO_INCREMENT for table `membership_userpermissions`
--
ALTER TABLE `membership_userpermissions`
  MODIFY `permissionID` int(10) UNSIGNED NOT NULL AUTO_INCREMENT;

--
-- AUTO_INCREMENT for table `membership_userrecords`
--
ALTER TABLE `membership_userrecords`
  MODIFY `recID` bigint(20) UNSIGNED NOT NULL AUTO_INCREMENT, AUTO_INCREMENT=23;

--
-- AUTO_INCREMENT for table `titles`
--
ALTER TABLE `titles`
  MODIFY `id` int(10) UNSIGNED NOT NULL AUTO_INCREMENT, AUTO_INCREMENT=2;

--
-- AUTO_INCREMENT for table `visitor_info`
--
ALTER TABLE `visitor_info`
  MODIFY `id` int(11) NOT NULL AUTO_INCREMENT, AUTO_INCREMENT=82;
COMMIT;

/*!40101 SET CHARACTER_SET_CLIENT=@OLD_CHARACTER_SET_CLIENT */;
/*!40101 SET CHARACTER_SET_RESULTS=@OLD_CHARACTER_SET_RESULTS */;
/*!40101 SET COLLATION_CONNECTION=@OLD_COLLATION_CONNECTION */;
