-- phpMyAdmin SQL Dump
-- version 5.1.1
-- https://www.phpmyadmin.net/
--
-- Host: 127.0.0.1
-- Generation Time: Nov 02, 2021 at 10:28 AM
-- Server version: 10.4.21-MariaDB
-- PHP Version: 8.0.11

SET SQL_MODE = "NO_AUTO_VALUE_ON_ZERO";
START TRANSACTION;
SET time_zone = "+00:00";


/*!40101 SET @OLD_CHARACTER_SET_CLIENT=@@CHARACTER_SET_CLIENT */;
/*!40101 SET @OLD_CHARACTER_SET_RESULTS=@@CHARACTER_SET_RESULTS */;
/*!40101 SET @OLD_COLLATION_CONNECTION=@@COLLATION_CONNECTION */;
/*!40101 SET NAMES utf8mb4 */;

--
-- Database: `onlinecourse`
--

-- --------------------------------------------------------

--
-- Table structure for table `admin`
--

CREATE TABLE `admin` (
  `ID` int(11) NOT NULL,
  `username` varchar(255) NOT NULL,
  `password` varchar(255) NOT NULL,
  `creationDate` timestamp NOT NULL DEFAULT current_timestamp(),
  `updationDate` varchar(255) NOT NULL
) ENGINE=InnoDB DEFAULT CHARSET=latin1;

--
-- Dumping data for table `admin`
--

INSERT INTO `admin` (`ID`, `username`, `password`, `creationDate`, `updationDate`) VALUES
(2, 'admin', 'admin', '2021-11-02 07:17:56', '');

-- --------------------------------------------------------

--
-- Table structure for table `admission`
--

CREATE TABLE `admission` (
  `id` int(11) NOT NULL,
  `name` varchar(255) NOT NULL,
  `email` varchar(255) NOT NULL,
  `phone` int(100) NOT NULL,
  `gender` varchar(100) NOT NULL,
  `versity` varchar(255) NOT NULL,
  `dept` varchar(255) NOT NULL,
  `syear` int(11) NOT NULL,
  `status` int(11) NOT NULL,
  `photo` varchar(255) NOT NULL,
  `date_admission` varchar(255) NOT NULL,
  `applicationID` varchar(11) NOT NULL,
  `ssce_details` varchar(30) NOT NULL,
  `ssce` varchar(255) NOT NULL
) ENGINE=InnoDB DEFAULT CHARSET=utf8mb4;

--
-- Dumping data for table `admission`
--

INSERT INTO `admission` (`id`, `name`, `email`, `phone`, `gender`, `versity`, `dept`, `syear`, `status`, `photo`, `date_admission`, `applicationID`, `ssce_details`, `ssce`) VALUES
(1, 'Khorshed Alom', 'kk@gmail.com', 1303713906, 'Male', ' Stamford University Bangladesh', 'CSE', 2021, 1, 'upload/default.jpg', '2021-11-01', 'ADM/2021/10', '', ''),
(2, 'Emon', 'emon@gmail.com', 1755843230, 'Male', 'Stamford University Bangladesh', 'CEN', 4, 1, 'upload/default.jpg', '2021-11-01', 'ADM/2021/87', '', 'upload/1_EUHSZ7AUAZpiI6IJMe2jdg-1024x575.jpg');

-- --------------------------------------------------------

--
-- Table structure for table `course`
--

CREATE TABLE `course` (
  `id` int(11) NOT NULL,
  `courseCode` varchar(255) DEFAULT NULL,
  `courseName` varchar(255) DEFAULT NULL,
  `courseUnit` varchar(255) DEFAULT NULL,
  `noofSeats` int(11) DEFAULT NULL,
  `dept_id` int(11) NOT NULL,
  `creationDate` timestamp NULL DEFAULT current_timestamp(),
  `updationDate` varchar(255) DEFAULT NULL
) ENGINE=InnoDB DEFAULT CHARSET=latin1;

--
-- Dumping data for table `course`
--

INSERT INTO `course` (`id`, `courseCode`, `courseName`, `courseUnit`, `noofSeats`, `dept_id`, `creationDate`, `updationDate`) VALUES
(5, 'CSI112', 'VIP', '1-5', 20, 1, '2021-11-02 08:52:04', '02-11-2021 02:52:14 PM'),
(6, 'CSI 113', 'VIP_SEC', '1-6', 20, 1, '2021-11-02 09:14:21', NULL);

-- --------------------------------------------------------

--
-- Table structure for table `courseenrolls`
--

CREATE TABLE `courseenrolls` (
  `id` int(11) NOT NULL,
  `studentRegno` varchar(255) DEFAULT NULL,
  `pincode` varchar(255) DEFAULT NULL,
  `session` int(11) DEFAULT NULL,
  `department` int(11) DEFAULT NULL,
  `level` int(11) DEFAULT NULL,
  `semester` int(11) DEFAULT NULL,
  `course` int(11) DEFAULT NULL,
  `enrollDate` timestamp NULL DEFAULT current_timestamp()
) ENGINE=InnoDB DEFAULT CHARSET=latin1;

--
-- Dumping data for table `courseenrolls`
--

INSERT INTO `courseenrolls` (`id`, `studentRegno`, `pincode`, `session`, `department`, `level`, `semester`, `course`, `enrollDate`) VALUES
(4, '10806121', '715948', 4, 7, 6, 5, 2, '2018-05-21 10:19:41'),
(5, '12345', '131863', 4, 7, 6, 6, 1, '2018-08-25 05:52:34');

-- --------------------------------------------------------

--
-- Table structure for table `department`
--

CREATE TABLE `department` (
  `id` int(11) NOT NULL,
  `department` varchar(255) DEFAULT NULL,
  `dept_id` int(11) NOT NULL,
  `creationDate` timestamp NULL DEFAULT current_timestamp()
) ENGINE=InnoDB DEFAULT CHARSET=latin1;

--
-- Dumping data for table `department`
--

INSERT INTO `department` (`id`, `department`, `dept_id`, `creationDate`) VALUES
(8, 'CSE', 1, '2021-11-02 08:34:50'),
(10, 'EEE', 2, '2021-11-02 08:35:10'),
(12, 'CEN', 3, '2021-11-02 09:21:41');

-- --------------------------------------------------------

--
-- Table structure for table `level`
--

CREATE TABLE `level` (
  `id` int(11) NOT NULL,
  `level` varchar(255) DEFAULT NULL,
  `creationDate` timestamp NULL DEFAULT current_timestamp()
) ENGINE=InnoDB DEFAULT CHARSET=latin1;

--
-- Dumping data for table `level`
--

INSERT INTO `level` (`id`, `level`, `creationDate`) VALUES
(5, 'Level 1', '2017-02-09 19:04:04'),
(6, 'level 2', '2017-02-09 19:04:12'),
(7, 'level 4', '2017-02-09 19:04:17');

-- --------------------------------------------------------

--
-- Table structure for table `semester`
--

CREATE TABLE `semester` (
  `id` int(11) NOT NULL,
  `semester` varchar(255) DEFAULT NULL,
  `creationDate` timestamp NULL DEFAULT current_timestamp(),
  `updationDate` varchar(255) DEFAULT NULL
) ENGINE=InnoDB DEFAULT CHARSET=latin1;

--
-- Dumping data for table `semester`
--

INSERT INTO `semester` (`id`, `semester`, `creationDate`, `updationDate`) VALUES
(4, 'Second sem', '2017-02-09 18:47:59', ''),
(5, 'Third Sem', '2017-02-09 18:48:04', ''),
(6, 'Fourth Sem', '2018-05-21 10:02:56', '');

-- --------------------------------------------------------

--
-- Table structure for table `session`
--

CREATE TABLE `session` (
  `id` int(11) NOT NULL,
  `session` varchar(255) DEFAULT NULL,
  `creationDate` timestamp NULL DEFAULT current_timestamp()
) ENGINE=InnoDB DEFAULT CHARSET=latin1;

--
-- Dumping data for table `session`
--

INSERT INTO `session` (`id`, `session`, `creationDate`) VALUES
(8, '2020', '2021-11-02 07:20:29'),
(9, '2021', '2021-11-02 07:36:16');

-- --------------------------------------------------------

--
-- Table structure for table `students`
--

CREATE TABLE `students` (
  `applicationID` varchar(255) NOT NULL,
  `studentPhoto` varchar(255) DEFAULT NULL,
  `password` varchar(255) DEFAULT NULL,
  `studentName` varchar(255) DEFAULT NULL,
  `pincode` varchar(255) DEFAULT NULL,
  `session` varchar(255) DEFAULT NULL,
  `department` varchar(255) DEFAULT NULL,
  `semester` varchar(255) DEFAULT NULL,
  `cgpa` decimal(10,2) DEFAULT NULL,
  `creationdate` timestamp NULL DEFAULT current_timestamp(),
  `updationDate` varchar(255) DEFAULT NULL
) ENGINE=InnoDB DEFAULT CHARSET=latin1;

--
-- Dumping data for table `students`
--

INSERT INTO `students` (`applicationID`, `studentPhoto`, `password`, `studentName`, `pincode`, `session`, `department`, `semester`, `cgpa`, `creationdate`, `updationDate`) VALUES
('06607731', NULL, '81dc9bdb52d04dc20036dbd8313ed055', 'Khorshed Alom', '516388', NULL, NULL, NULL, NULL, '2021-11-02 05:44:27', NULL),
('1', NULL, 'c4ca4238a0b923820dcc509a6f75849b', 'K', '140343', NULL, NULL, NULL, NULL, '2021-11-02 05:50:28', NULL),
('10806121', 'logo.jpg', 'f925916e2754e5e03f75dd58a5733251', 'Anuj Kumar', '715948', '', '', '', '7.25', '2017-02-11 19:38:32', '21-05-2018 03:20:40 PM'),
('1234', NULL, '81dc9bdb52d04dc20036dbd8313ed055', 'Emon', '496537', NULL, NULL, NULL, NULL, '2021-11-02 05:48:53', NULL),
('12345', NULL, 'f925916e2754e5e03f75dd58a5733251', 'John', '131863', '', '', '', '0.00', '2018-08-25 05:50:51', ''),
('125966', '', 'f925916e2754e5e03f75dd58a5733251', 'Test user', '385864', '', '', '', '0.00', '2017-02-11 19:48:03', '');

-- --------------------------------------------------------

--
-- Table structure for table `userlog`
--

CREATE TABLE `userlog` (
  `id` int(11) NOT NULL,
  `studentRegno` varchar(255) DEFAULT NULL,
  `userip` binary(16) DEFAULT NULL,
  `loginTime` timestamp NULL DEFAULT current_timestamp(),
  `logout` varchar(255) DEFAULT NULL,
  `status` int(11) DEFAULT NULL
) ENGINE=InnoDB DEFAULT CHARSET=latin1;

--
-- Dumping data for table `userlog`
--

INSERT INTO `userlog` (`id`, `studentRegno`, `userip`, `loginTime`, `logout`, `status`) VALUES
(1, '10806121', 0x3a3a3100000000000000000000000000, '2017-02-11 20:05:58', '', 1),
(2, '10806121', 0x3a3a3100000000000000000000000000, '2017-02-11 20:07:18', '', 1),
(3, '10806121', 0x3a3a3100000000000000000000000000, '2017-02-11 20:08:46', '', 1),
(4, '10806121', 0x3a3a3100000000000000000000000000, '2017-02-11 20:26:15', '', 1),
(5, '10806121', 0x3a3a3100000000000000000000000000, '2017-02-11 20:27:11', '', 1),
(6, '10806121', 0x3a3a3100000000000000000000000000, '2017-02-11 20:28:19', '', 1),
(7, '10806121', 0x3a3a3100000000000000000000000000, '2017-02-11 20:29:30', '', 1),
(8, '10806121', 0x3a3a3100000000000000000000000000, '2017-02-11 20:30:39', '12-02-2017 02:00:40 AM', 1),
(9, '10806121', 0x3a3a3100000000000000000000000000, '2017-02-11 20:32:12', '12-02-2017 02:21:40 AM', 1),
(10, '10806121', 0x3a3a3100000000000000000000000000, '2017-02-11 20:51:50', '12-02-2017 05:14:45 AM', 1),
(11, '10806121', 0x3a3a3100000000000000000000000000, '2017-02-12 05:41:24', '12-02-2017 11:49:58 AM', 1),
(12, '10806121', 0x3a3a3100000000000000000000000000, '2017-02-12 06:20:05', '', 1),
(13, '10806121', 0x3a3a3100000000000000000000000000, '2017-02-12 06:20:23', '12-02-2017 12:09:59 PM', 1),
(14, '10806121', 0x3a3a3100000000000000000000000000, '2018-05-21 09:49:06', '21-05-2018 03:30:53 PM', 1),
(15, '10806121', 0x3a3a3100000000000000000000000000, '2018-05-21 10:19:15', '', 1),
(16, '12345', 0x3a3a3100000000000000000000000000, '2018-08-25 05:51:42', '25-08-2018 11:23:02 AM', 1);

--
-- Indexes for dumped tables
--

--
-- Indexes for table `admin`
--
ALTER TABLE `admin`
  ADD PRIMARY KEY (`ID`);

--
-- Indexes for table `admission`
--
ALTER TABLE `admission`
  ADD PRIMARY KEY (`id`);

--
-- Indexes for table `course`
--
ALTER TABLE `course`
  ADD PRIMARY KEY (`id`);

--
-- Indexes for table `courseenrolls`
--
ALTER TABLE `courseenrolls`
  ADD PRIMARY KEY (`id`);

--
-- Indexes for table `department`
--
ALTER TABLE `department`
  ADD PRIMARY KEY (`id`);

--
-- Indexes for table `level`
--
ALTER TABLE `level`
  ADD PRIMARY KEY (`id`);

--
-- Indexes for table `semester`
--
ALTER TABLE `semester`
  ADD PRIMARY KEY (`id`);

--
-- Indexes for table `session`
--
ALTER TABLE `session`
  ADD PRIMARY KEY (`id`);

--
-- Indexes for table `students`
--
ALTER TABLE `students`
  ADD PRIMARY KEY (`applicationID`);

--
-- Indexes for table `userlog`
--
ALTER TABLE `userlog`
  ADD PRIMARY KEY (`id`);

--
-- AUTO_INCREMENT for dumped tables
--

--
-- AUTO_INCREMENT for table `admin`
--
ALTER TABLE `admin`
  MODIFY `ID` int(11) NOT NULL AUTO_INCREMENT, AUTO_INCREMENT=3;

--
-- AUTO_INCREMENT for table `admission`
--
ALTER TABLE `admission`
  MODIFY `id` int(11) NOT NULL AUTO_INCREMENT, AUTO_INCREMENT=3;

--
-- AUTO_INCREMENT for table `course`
--
ALTER TABLE `course`
  MODIFY `id` int(11) NOT NULL AUTO_INCREMENT, AUTO_INCREMENT=7;

--
-- AUTO_INCREMENT for table `courseenrolls`
--
ALTER TABLE `courseenrolls`
  MODIFY `id` int(11) NOT NULL AUTO_INCREMENT, AUTO_INCREMENT=6;

--
-- AUTO_INCREMENT for table `department`
--
ALTER TABLE `department`
  MODIFY `id` int(11) NOT NULL AUTO_INCREMENT, AUTO_INCREMENT=14;

--
-- AUTO_INCREMENT for table `level`
--
ALTER TABLE `level`
  MODIFY `id` int(11) NOT NULL AUTO_INCREMENT, AUTO_INCREMENT=8;

--
-- AUTO_INCREMENT for table `semester`
--
ALTER TABLE `semester`
  MODIFY `id` int(11) NOT NULL AUTO_INCREMENT, AUTO_INCREMENT=8;

--
-- AUTO_INCREMENT for table `session`
--
ALTER TABLE `session`
  MODIFY `id` int(11) NOT NULL AUTO_INCREMENT, AUTO_INCREMENT=12;

--
-- AUTO_INCREMENT for table `userlog`
--
ALTER TABLE `userlog`
  MODIFY `id` int(11) NOT NULL AUTO_INCREMENT, AUTO_INCREMENT=17;
COMMIT;

/*!40101 SET CHARACTER_SET_CLIENT=@OLD_CHARACTER_SET_CLIENT */;
/*!40101 SET CHARACTER_SET_RESULTS=@OLD_CHARACTER_SET_RESULTS */;
/*!40101 SET COLLATION_CONNECTION=@OLD_COLLATION_CONNECTION */;
